id,category,type,tp,fp,fn,precision,recall,f1,exact_match,n_ground_truth,n_pred,prompt,timestamp,latency_s,prompt_tokens,completion_tokens,total_tokens,source,error_notes
1,K-1,schedule_rows,2,0,0,1.0,1.0,1.0,1,2,2,Tampilkan jadwal Pak Sopian,2025-05-27T19:55:55.803473,3.071,2974,370,3344,txt_source,
2,K-1,schedule_rows,1,0,0,1.0,1.0,1.0,1,1,1,Di ruang mana seminar Wildan dilaksanakan,2025-05-27T19:56:03.194613,1.931,2975,207,3182,txt_source,
3,K-1,schedule_rows,1,0,0,1.0,1.0,1.0,1,1,1,Pukul berapa seminar Faishal dimulai,2025-05-27T19:56:09.888200,2.155,2976,194,3170,txt_source,
4,K-1,schedule_rows,1,0,0,1.0,1.0,1.0,1,1,1,Apa judul skripsi Guntur Maulana Ibrahim,2025-05-27T19:56:19.804082,5.015,2976,204,3180,txt_source,
5,K-1,schedule_rows,1,0,0,1.0,1.0,1.0,1,1,1,Berapa NIM dari mahasiswa Ferdi Bayu Febryan,2025-05-27T19:56:27.500219,1.836,2979,192,3171,txt_source,
6,K-1,schedule_rows,1,0,0,1.0,1.0,1.0,1,1,1,Tanggal berapa seminar Tri Novarel Rahmadhani,2025-05-27T19:56:33.338730,1.952,2978,193,3171,txt_source,
7,K-1,schedule_rows,1,0,0,1.0,1.0,1.0,1,1,1,Jam berapa seminar Muhammad Iman Komarudiansyah berakhir,2025-05-27T19:56:41.940990,3.172,2979,200,3179,txt_source,
8,K-1,schedule_rows,3,0,0,1.0,1.0,1.0,1,3,3,Tampilkan jadwal Bu Rani,2025-05-27T19:56:52.068739,3.905,2973,555,3528,txt_source,
9,K-1,schedule_rows,1,0,0,1.0,1.0,1.0,1,1,1,Jam berapa seminar Ekayan Arsyad dimulai,2025-05-27T19:57:01.244549,3.8,2978,214,3192,txt_source,
10,K-1,schedule_rows,1,0,0,1.0,1.0,1.0,1,1,1,Hari apa seminar akan dilaksanakan Ivan Aprilman Hura,2025-05-27T19:57:08.533566,1.705,2978,207,3185,txt_source,
11,K-1,schedule_rows,1,0,0,1.0,1.0,1.0,1,1,1,Jam berapa pelaksanaan seminar dari Muhammad Cahaya Adiransyah Tasman dimulai,2025-05-27T19:57:15.097401,1.963,2982,197,3179,txt_source,
12,K-1,lecturer_list,2,0,0,1.0,1.0,1.0,1,2,2,Siapa Dosen yang ada diseminar Weldira Tarigan,2025-05-27T19:57:21.962600,2.005,2738,60,2798,txt_source,
13,K-1,schedule_rows,1,0,0,1.0,1.0,1.0,1,1,1,Apa judul skripsi Elbaruna,2025-05-27T19:57:29.633504,1.938,2975,209,3184,txt_source,
14,K-1,schedule_rows,0,0,1,0.0,0.0,0.0,0,1,0,Sebutkan ruangan tempat seminarnya Riswan,2025-05-27T19:57:43.838335,0,0,0,0,txt_source,
15,K-1,schedule_rows,1,0,0,1.0,1.0,1.0,1,1,1,Berapakan NIM dari Zulhaqi,2025-05-27T19:57:51.099290,1.82,2976,197,3173,txt_source,
16,K-1,schedule_rows,1,0,0,1.0,1.0,1.0,1,1,1,Munculkan jadwal dari dosen Irfan,2025-05-27T19:57:58.885443,2.609,895,201,1096,txt_source,
17,K-1,schedule_rows,1,0,1,1.0,0.5,0.6666666666666666,0,2,1,Di mana seminar Rizky dilaksanakan,2025-05-27T19:58:04.745363,1.68,893,206,1099,txt_source,
18,K-1,schedule_rows,1,0,0,1.0,1.0,1.0,1,1,1,Pada pukul berapa seminar Rizal Sihombing dimulai,2025-05-27T19:58:11.543499,1.752,896,204,1100,txt_source,
19,K-1,schedule_rows,1,0,0,1.0,1.0,1.0,1,1,1,Apa judul skripsi Rizky Renaldi,2025-05-27T19:58:19.243274,2.625,895,208,1103,txt_source,
20,K-1,schedule_rows,1,0,0,1.0,1.0,1.0,1,1,1,Berapa NIM dari mahasiswa Muhammad Rizky Pratama Solahudin,2025-05-27T19:58:25.933760,1.614,900,201,1101,txt_source,
21,K-1,schedule_rows,1,0,0,1.0,1.0,1.0,1,1,1,Tanggal berapa seminar Rizky Renaldi Cahya Febrian,2025-05-27T19:58:32.969752,1.891,899,208,1107,txt_source,
22,K-1,schedule_rows,1,0,0,1.0,1.0,1.0,1,1,1,Jam berapa seminar Rizal Sihombing berakhir,2025-05-27T19:58:40.877537,2.82,895,202,1097,txt_source,
23,K-1,schedule_rows,1,0,1,1.0,0.5,0.6666666666666666,0,2,1,Jam berapa seminar Rizky dimulai,2025-05-27T19:58:47.824266,1.681,893,208,1101,txt_source,
24,K-1,schedule_rows,1,0,0,1.0,1.0,1.0,1,1,1,Hari apa seminar akan dilaksanakan oleh Rizky Pratama Solahudin,2025-05-27T19:58:54.674325,2.723,900,201,1101,txt_source,
25,K-1,lecturer_list,2,0,0,1.0,1.0,1.0,1,2,2,Siapa Dosen yang ada diseminar Rizky Renaldi,2025-05-27T19:59:00.143483,0.961,657,67,724,txt_source,
26,K-1,schedule_rows,1,0,0,1.0,1.0,1.0,1,1,1,Jam berapa pelaksanaan seminar dari Muhammad Rizky,2025-05-27T19:59:06.936520,1.65,895,201,1096,txt_source,
27,K-1,schedule_rows,2,0,0,1.0,1.0,1.0,1,2,2,Tampilkan jadwal Bapak Taryana,2025-05-27T19:59:15.364136,2.347,1704,328,2032,txt_source,
28,K-1,schedule_rows,1,0,0,1.0,1.0,1.0,1,1,1,Dimana ruang seminarnya Hafid,2025-05-27T19:59:22.108014,2.084,1705,213,1918,txt_source,
29,K-1,schedule_rows,1,0,0,1.0,1.0,1.0,1,1,1,Apa judul skripsi dari mahasiswa atas nama Simatupang,2025-05-27T19:59:29.250513,2.884,1710,201,1911,txt_source,
30,K-1,schedule_rows,2,0,0,1.0,1.0,1.0,1,2,2,Tanggal berapa Bu Gentisya seminar,2025-05-27T19:59:39.149723,4.43,1706,383,2089,txt_source,
31,K-1,schedule_rows,2,0,0,1.0,1.0,1.0,1,2,2,Hari apa saja Pak Dedeng seminar,2025-05-27T19:59:48.442187,3.2,1705,345,2050,txt_source,
32,K-1,schedule_rows,2,0,0,1.0,1.0,1.0,1,2,2,Siapa saja mahasiswa yang seminar dengan Pak Galih,2025-05-27T19:59:58.132806,3.576,1708,372,2080,txt_source,
33,K-1,schedule_rows,1,0,0,1.0,1.0,1.0,1,1,1,Berapa NIM dari mahasiswa Dimas,2025-05-27T20:00:05.359594,1.891,1705,200,1905,txt_source,
34,K-1,lecturer_list,3,0,0,1.0,1.0,1.0,1,3,3,Siapa saja dosen yang seminar bersama Pak Chrismikha,2025-05-27T20:00:11.172807,1.134,1467,81,1548,txt_source,
35,K-1,schedule_rows,4,0,0,1.0,1.0,1.0,1,4,4,Sebutkan mahasiswa yang diuji oleh Pak Eko Budi,2025-05-27T20:00:24.575922,5.176,3112,665,3777,txt_source,
36,K-1,schedule_rows,5,0,0,1.0,1.0,1.0,1,5,5,Sebutkan NIM mahasiswa yang diuji oleh Bu Anna Dara,2025-05-27T20:00:38.442613,5.665,3111,912,4023,txt_source,
37,K-1,schedule_rows,1,0,0,1.0,1.0,1.0,1,1,1,Tampilkan jadwal seminar dari mahasiswa Muhammad Irsyad,2025-05-27T20:00:44.743791,1.834,3109,194,3303,txt_source,
38,K-1,schedule_rows,1,0,0,1.0,1.0,1.0,1,1,1,Sebutkan judul skripsi dari mahasiwa Mochamad Yusuf,2025-05-27T20:00:54.273200,2.919,3112,215,3327,txt_source,
39,K-1,schedule_rows,5,0,0,1.0,1.0,1.0,1,5,5,Di ruang mana seminar dengan Bu Anna Dara,2025-05-27T20:01:07.169638,5.275,3107,912,4019,txt_source,
40,K-1,schedule_rows,1,0,0,1.0,1.0,1.0,1,1,1,Tanggal berapa seminar Sacofi dilaksanakan,2025-05-27T20:01:15.492948,2.746,3106,210,3316,txt_source,
41,K-2,schedule_rows,1,0,0,1.0,1.0,1.0,1,1,1,Siapa nama mahasiswa dengan NIM 10118058,2025-05-27T20:01:22.431693,2.688,1121,214,1335,txt_source,
42,K-2,schedule_rows,1,0,0,1.0,1.0,1.0,1,1,1,Apa judul skripsi dari mahasiswa dengan NIM 10118039,2025-05-27T20:01:30.808545,2.699,1123,214,1337,txt_source,
43,K-2,schedule_rows,1,0,0,1.0,1.0,1.0,1,1,1,Di ruang mana seminar NIM 10119192 berlangsung,2025-05-27T20:01:38.847909,2.635,1121,206,1327,txt_source,
44,K-2,schedule_rows,1,0,0,1.0,1.0,1.0,1,1,1,Pukul berapa seminar NIM 10117172 selesai,2025-05-27T20:01:46.816863,2.65,1121,214,1335,txt_source,
45,K-2,schedule_rows,1,0,0,1.0,1.0,1.0,1,1,1,Kapan tanggal seminar mahasiswa NIM 10118346,2025-05-27T20:01:54.777535,2.864,1121,203,1324,txt_source,
46,K-2,lecturer_list,2,0,0,1.0,1.0,1.0,1,2,2,Siapa penguji seminar dari mahasiswa NIM 10119913,2025-05-27T20:01:59.992860,1.904,565,63,628,txt_source,
47,K-2,schedule_rows,1,0,0,1.0,1.0,1.0,1,1,1,Hari apa mahasiswa dengan NIM 10120901 seminar,2025-05-27T20:02:07.941915,2.595,806,202,1008,txt_source,
48,K-3,schedule_rows,1,0,0,1.0,1.0,1.0,1,1,1,"Jadwal di R6010, 27 Mei 2024, mulai 09.15",2025-05-27T20:02:16.324061,2.95,2491,209,2700,txt_source,
49,K-3,schedule_rows,1,0,0,1.0,1.0,1.0,1,1,1,"Jadwal di R6028, 27 Mei 2024, selesai 10.30",2025-05-27T20:02:22.791951,1.817,2491,205,2696,txt_source,
50,K-3,schedule_rows,1,0,0,1.0,1.0,1.0,1,1,1,"Jadwal di R6028, 29 Mei 2024, jam 8",2025-05-27T20:02:31.138416,2.869,2487,217,2704,txt_source,
51,K-3,schedule_rows,1,0,0,1.0,1.0,1.0,1,1,1,"Jadwal di R6010, 29 Mei 2024, selesai 10.30",2025-05-27T20:02:38.844326,2.148,2491,206,2697,txt_source,
52,K-3,schedule_rows,1,0,0,1.0,1.0,1.0,1,1,1,"Jadwal di R6010, 02 Jan 2024, mulai 09.15",2025-05-27T20:02:47.403760,2.82,3125,209,3334,txt_source,
53,K-3,schedule_rows,1,0,0,1.0,1.0,1.0,1,1,1,"Jadwal di 6010, 02 Januari 2024, mulai 10:30",2025-05-27T20:02:55.758608,2.789,3125,199,3324,txt_source,
54,K-3,schedule_rows,0,0,1,0.0,0.0,0.0,0,1,0,"Jadwal di 6028, 3 Januari 2024, selesai 09:15",2025-05-27T20:03:03.176165,2.018,3124,25,3149,txt_source,
55,K-3,schedule_rows,1,2,0,0.3333333333333333,1.0,0.5,0,1,3,"Jadwal di 6010, 03 Januari 2024, selesai pukul 13",2025-05-27T20:03:13.697697,4.48,3123,546,3669,txt_source,
56,K-4,schedule_rows,2,1,0,0.6666666666666666,1.0,0.8,0,2,3,NIM mahasiswa yang diuji Chrismikha pada 21 Juni 2024,2025-05-27T20:03:25.232512,4.73,5118,575,5693,txt_source,
57,K-4,schedule_rows,4,0,0,1.0,1.0,1.0,1,4,4,Semua mahasiswa di ruang R6010 tanggal 21 Juni 2024,2025-05-27T20:03:38.594952,5.578,5118,743,5861,txt_source,
58,K-4,schedule_rows,4,0,0,1.0,1.0,1.0,1,4,4,Mahasiswa di ruang R6010 tanggal 2 Jan 2024,2025-05-27T20:03:52.887337,5.804,3117,721,3838,txt_source,
59,K-4,schedule_rows,1,0,1,1.0,0.5,0.6666666666666666,0,2,1,NIM mahasiswa seminar selesai pukul 09.15 tanggal 3 Jan 2024,2025-05-27T20:04:01.999534,2.612,3119,193,3312,txt_source,
60,K-4,schedule_rows,3,2,0,0.6,1.0,0.7499999999999999,0,3,5,Mahasiswa yang diuji Anna tanggal 4 Jan 2024.,2025-05-27T20:04:15.528616,5.752,3115,912,4027,txt_source,
61,K-4,schedule_rows,2,0,0,1.0,1.0,1.0,1,2,2,Semua mahasiswa seminar di R6028 hari Sabtu,2025-05-27T20:04:26.480929,4.255,6718,373,7091,txt_source,
62,K-4,schedule_rows,2,2,0,0.5,1.0,0.6666666666666666,0,2,4,Mahasiswa yang diuji Bu Sufaatin jam 09:15,2025-05-27T20:04:40.006305,5.829,6723,713,7436,txt_source,
63,K-4,lecturer_list,4,2,1,0.6666666666666666,0.8,0.7272727272727272,0,5,6,Semua dosen yang menguji di ruang R6010 tanggal 28 Juni 2024,2025-05-27T20:04:50.640232,6.932,6486,128,6614,txt_source,
64,K-4,schedule_rows,5,0,0,1.0,1.0,1.0,1,5,5,NIM mahasiswa yang seminar di R6028 tanggal 27 Juni 2024,2025-05-27T20:05:06.060536,6.533,6727,917,7644,txt_source,
65,K-4,schedule_rows,12,0,0,1.0,1.0,1.0,1,12,12,Nama mahasiswa yang seminar pada tanggal 26 Jun 2024,2025-05-27T20:05:34.660562,12.716,6722,2163,8885,txt_source,
66,K-4,lecturer_list,4,0,0,1.0,1.0,1.0,1,4,4,Semua dosen yang menguji di hari Kamis ruang R6010,2025-05-27T20:05:42.329364,2.353,2870,93,2963,txt_source,
67,K-4,schedule_rows,0,0,2,0.0,0.0,0.0,0,2,0,Mahasiswa yang diuji oleh Bu Dian tanggal 5 Januari 2024,2025-05-27T20:05:50.445659,2.063,3116,25,3141,txt_source,
68,K-4,schedule_rows,3,0,0,1.0,1.0,1.0,1,3,3,NIM mahasiswa yang seminar di R6010 hari Jumat,2025-05-27T20:06:01.247035,4.604,3111,563,3674,txt_source,
69,K-4,schedule_rows,2,0,0,1.0,1.0,1.0,1,2,2,"Semua mahasiswa yang seminar di R6028, tanggal 4 Januari 2024",2025-05-27T20:06:11.388415,3.808,3119,384,3503,txt_source,
70,K-5,aggregation,1,0,0,1.0,1.0,1.0,1,1,1,Berapa seminar di R6010 tanggal 2 Jan 2024,2025-05-27T20:06:21.107806,2.836,2819,33,2852,txt_source,
71,K-5,aggregation,0,1,1,0.0,0.0,0.0,0,1,1,Jumlah jadwal di R6028 tanggal 3 Jan 2024,2025-05-27T20:06:28.128332,2.047,2818,33,2851,txt_source,
72,K-5,aggregation,1,0,0,1.0,1.0,1.0,1,1,1,Total seminar mulai 09.15 tanggal 28 Juni 2024,2025-05-27T20:06:35.801512,2.119,6428,33,6461,txt_source,
73,K-5,aggregation,0,1,1,0.0,0.0,0.0,0,1,1,Banyak seminar di 6028 tanggal 26 Juni 2024,2025-05-27T20:06:44.070383,2.417,6427,33,6460,txt_source,
74,K-5,aggregation,0,1,1,0.0,0.0,0.0,0,1,1,Jumlah seminar berakhir 10.30 tanggal 24 Juni 2024,2025-05-27T20:06:52.127650,2.403,6428,33,6461,txt_source,
75,K-5,aggregation,0,1,1,0.0,0.0,0.0,0,1,1,Berapa jumlah dosen yang seminar tanggal 4 Jan,2025-05-27T20:06:58.115482,1.987,2811,33,2844,txt_source,
76,K-5,aggregation,1,0,0,1.0,1.0,1.0,1,1,1,Berapa banyak mahasiswa yang seminar hari Rabu,2025-05-27T20:07:03.979670,0.931,2809,33,2842,txt_source,
77,K-5,aggregation,0,1,1,0.0,0.0,0.0,0,1,1,Total seminar berakhir jam 11.45  tanggal 1 Juli 2024,2025-05-27T20:07:10.277055,2.187,5000,33,5033,txt_source,
78,K-5,aggregation,1,0,0,1.0,1.0,1.0,1,1,1,Jumlah jadwal di R6028 tanggal 2 Juli 2024,2025-05-27T20:07:17.342318,2.134,4997,33,5030,txt_source,
79,K-5,aggregation,0,1,1,0.0,0.0,0.0,0,1,1,Banyak seminar Bu Nelly hari Selasa,2025-05-27T20:07:23.502268,1.107,4986,33,5019,txt_source,
80,K-5,aggregation,0,1,1,0.0,0.0,0.0,0,1,1,Jumlah mahasiswa yang seminar di R6010 tanggal 4 Juli 2024,2025-05-27T20:07:29.634576,2.212,4999,33,5032,txt_source,
81,K-6,schedule_rows,1,1,0,0.5,1.0,0.6666666666666666,0,1,2,"Siapa saja mahasiswa dengan seminar paling pagi pada tanggal 1 Juli 2024? Jika ada lebih dari 1 orang, ambil yang nim nya paling kecil.",2025-05-27T20:07:39.210354,3.989,5312,390,5702,txt_source,
82,K-6,schedule_rows,1,0,0,1.0,1.0,1.0,1,1,1,Siapa mahasiswa dengan seminar paling akhir pada  4 Juli 2024,2025-05-27T20:07:47.148141,3.003,5294,194,5488,txt_source,
83,K-6,schedule_rows,0,1,1,0.0,0.0,0.0,0,1,1,Mahasiswa mana yang memiliki judul skripsi terpanjang pada 5 Juli 2024,2025-05-27T20:07:55.111086,3.167,5298,212,5510,txt_source,
84,K-6,schedule_rows,0,1,1,0.0,0.0,0.0,0,1,1,"Di antara seminar tanggal 4 Juli 2024, siapa mahasiswa dengan NIM terkecil",2025-05-27T20:08:02.666754,2.419,5298,205,5503,txt_source,
85,K-6,schedule_rows,0,1,1,0.0,0.0,0.0,0,1,1,"Untuk seminar tanggal 3 Juli 2024, judul mana yang muncul pertama secara alfabetis dan milik mahasiswa siapa",2025-05-27T20:08:10.320661,2.131,5302,194,5496,txt_source,
86,K-6,schedule_rows,1,0,0,1.0,1.0,1.0,1,1,1,"Siapa saja mahasiswa dengan seminar paling akhir pada tanggal 8 Juli 2024? Jika ada lebih dari 1 orang, ambil yang nim nya paling kecil",2025-05-27T20:08:17.404071,2.708,1500,206,1706,txt_source,
87,K-6,schedule_rows,1,0,0,1.0,1.0,1.0,1,1,1,Siapa mahasiswa dengan seminar paling awal pada hari Senin? Jika lebih dari 1 orang ambil nim yang paling besar,2025-05-27T20:08:23.578692,1.879,1489,215,1704,txt_source,
88,K-6,schedule_rows,0,1,1,0.0,0.0,0.0,0,1,1,Mahasiswa mana yang memiliki judul skripsi paling singkat pada  tanggal 10 Juli 2024,2025-05-27T20:08:32.147043,2.99,1489,191,1680,txt_source,
89,K-6,schedule_rows,1,0,0,1.0,1.0,1.0,1,1,1,"Di antara seminar tanggal 9 Juli 2024, siapa mahasiswa dengan NIM terkecil",2025-05-27T20:08:38.207318,1.79,1487,215,1702,txt_source,
90,K-6,schedule_rows,0,1,1,0.0,0.0,0.0,0,1,1,"Untuk seminar tanggal 8 Juli 2024, judul mana yang muncul pertama secara alfabetis dan milik mahasiswa siapa",2025-05-27T20:08:45.360579,2.924,1491,215,1706,txt_source,
91,K-6,schedule_rows,1,0,0,1.0,1.0,1.0,1,1,1,Siapa mahasiswa dengan seminar paling terakhir pada hari Senin,2025-05-27T20:08:53.432846,2.757,897,202,1099,txt_source,
92,K-6,schedule_rows,1,0,0,1.0,1.0,1.0,1,1,1,Siapa mahasiswa dengan NIM terkecil yang seminar di ruang  6010 pada 11 Desember 2023,2025-05-27T20:09:01.393355,2.631,914,201,1115,txt_source,
93,K-6,lecturer_list,2,1,0,0.6666666666666666,1.0,0.8,0,2,3,Siapa saja dosen yang menguji terbanyak pada tanggal 5 Januari 2024 jika lebih dari satu tampilkan sesuai urutan alphabet,2025-05-27T20:09:06.798150,1.412,2885,80,2965,txt_source,
94,K-4,lecturer_list,4,0,2,1.0,0.6666666666666666,0.8,0,6,4,Urutkan berdasarkan alphabet nama dosen yang seminar di hari Jumat,2025-05-27T20:09:12.903105,1.34,2868,97,2965,txt_source,
95,K-6,schedule_rows,1,0,0,1.0,1.0,1.0,1,1,1,"Pada seminar tanggal 2 Januari 2024, siapakah mahasiswa yang memiliki NIM terbesar",2025-05-27T20:09:19.392396,1.785,3118,211,3329,txt_source,
96,K-6,schedule_rows,1,0,0,1.0,1.0,1.0,1,1,1,Siapa mahasiswa dengan NIM terkecil yang seminar di ruang R6010 pada hari Selasa,2025-05-27T20:09:26.774785,2.817,3119,209,3328,txt_source,
97,K-6,schedule_rows,1,0,0,1.0,1.0,1.0,1,1,1,"Siapa mahasiswa dengan seminar paling pagi di ruang R6028 pada tanggal 3 Januari 2024? Jika lebih dari satu, ambil NIM terkecil.",2025-05-27T20:09:34.139148,1.94,3135,211,3346,txt_source,
98,K-6,schedule_rows,1,0,0,1.0,1.0,1.0,1,1,1,Sebutkan NIM mahasiswa terkecil yang seminar di Ruang 6010 pada tanggal 3 Januari 2024,2025-05-27T20:09:41.610993,1.974,3127,195,3322,txt_source,
99,K-6,schedule_rows,1,0,0,1.0,1.0,1.0,1,1,1,"Sebutkan NIM mahasiswa yang seminar di hari Sabtu, jika lebih dari satu tampilkan NIM yang terbesar",2025-05-27T20:09:49.784953,2.743,3119,196,3315,txt_source,
100,K-6,schedule_rows,1,0,0,1.0,1.0,1.0,1,1,1,Mahasiswa yang memiliki judul skripsi paling panjang pada tanggal 6 Januari 2024,2025-05-27T20:09:56.585885,1.879,3118,212,3330,txt_source,
101,K-1,schedule_rows,5,1,2,0.8333333333333334,0.7142857142857143,0.7692307692307692,0,7,6,Tampilkan jadwal sidang Pak Andri,2025-05-27T20:10:15.531604,6.952,5248,1182,6430,txt_source,
102,K-1,schedule_rows,1,0,0,1.0,1.0,1.0,1,1,1,Di ruang mana sidang Ikhsan dilaksanakan,2025-05-27T20:10:24.283413,2.941,5250,214,5464,txt_source,
103,K-1,schedule_rows,1,0,0,1.0,1.0,1.0,1,1,1,Pukul berapa sidang Muhammad Rifqu dimulai,2025-05-27T20:10:32.714305,2.049,5250,217,5467,txt_source,
104,K-1,schedule_rows,1,0,0,1.0,1.0,1.0,1,1,1,Apa judul skripsi Fermi Naufal Akbar,2025-05-27T20:10:40.082048,2.303,5251,213,5464,txt_source,
105,K-1,schedule_rows,1,0,0,1.0,1.0,1.0,1,1,1,Berapa NIM dari mahasiswa Tri Novarel Rahmadhani,2025-05-27T20:10:47.283153,2.074,5253,210,5463,txt_source,
106,K-1,schedule_rows,1,0,0,1.0,1.0,1.0,1,1,1,Tanggal berapa sidang  Muh Nur I,2025-05-27T20:10:54.688973,2.22,5250,220,5470,txt_source,
107,K-1,schedule_rows,1,0,0,1.0,1.0,1.0,1,1,1,Jam berapa sidang Ferdi berakhir,2025-05-27T20:11:02.607797,2.16,5248,209,5457,txt_source,
108,K-1,schedule_rows,4,1,0,0.8,1.0,0.888888888888889,0,4,5,Tampilkan jadwal Ir.Taryana Suryana,2025-05-27T20:11:16.069108,5.626,5251,968,6219,txt_source,
109,K-1,schedule_rows,1,0,0,1.0,1.0,1.0,1,1,1,Jam berapa sidang  Miftah dimulai,2025-05-27T20:11:24.352766,2.271,5250,211,5461,txt_source,
110,K-1,schedule_rows,1,0,0,1.0,1.0,1.0,1,1,1,Hari apa sidang  Faishal akan dilaksanakan,2025-05-27T20:11:33.579366,3.201,5251,210,5461,txt_source,
111,K-1,schedule_rows,1,0,0,1.0,1.0,1.0,1,1,1,Jam berapa pelaksanaan sidang dari Toni Rizky Awalludin dimulai,2025-05-27T20:11:42.248195,3.38,5254,219,5473,txt_source,
112,K-1,lecturer_list,3,0,0,1.0,1.0,1.0,1,3,3,Siapa Dosen yang ada disidang Naufal Hafizh,2025-05-27T20:11:48.742915,1.424,4999,76,5075,txt_source,
113,K-1,schedule_rows,1,0,0,1.0,1.0,1.0,1,1,1,Apa judul skripsi Rikrik,2025-05-27T20:11:57.071809,3.303,5248,211,5459,txt_source,
114,K-1,schedule_rows,1,0,0,1.0,1.0,1.0,1,1,1,Sebutkan ruangan tempat sidang Diva Sabila Ramadhan,2025-05-27T20:12:03.816483,2.03,5253,200,5453,txt_source,
115,K-1,schedule_rows,0,0,1,0.0,0.0,0.0,0,1,0,Berapakan NIM dari Angga,2025-05-27T20:12:09.855025,2.19,5249,25,5274,txt_source,
116,K-1,schedule_rows,3,4,0,0.42857142857142855,1.0,0.6,0,3,7,Munculkan jadwal dari Bapak Irawan,2025-05-27T20:12:27.279750,7.578,5251,1208,6459,txt_source,
117,K-1,schedule_rows,0,0,1,0.0,0.0,0.0,0,1,0,Di mana sidang mahasiswa bernama Alif dilaksanakan,2025-05-27T20:12:34.423139,2.237,5250,25,5275,txt_source,
118,K-1,schedule_rows,1,0,0,1.0,1.0,1.0,1,1,1,Pada pukul berapa sidang Dedus Lihoko dimulai,2025-05-27T20:12:43.603958,3.278,5252,222,5474,txt_source,
119,K-1,schedule_rows,1,0,0,1.0,1.0,1.0,1,1,1,Apa judul skripsi Rizky Septiana,2025-05-27T20:12:51.052889,2.348,5250,225,5475,txt_source,
120,K-1,schedule_rows,1,0,0,1.0,1.0,1.0,1,1,1,Berapa NIM dari mahasiswa Dicky,2025-05-27T20:12:57.569027,2.296,5249,222,5471,txt_source,
121,K-1,schedule_rows,1,0,0,1.0,1.0,1.0,1,1,1,Tanggal berapa sidang Weldira Tarigan,2025-05-27T20:13:06.572141,3.011,5250,194,5444,txt_source,
122,K-1,schedule_rows,1,0,0,1.0,1.0,1.0,1,1,1,Jam berapa sidang Rendy Dermawan berakhir,2025-05-27T20:13:14.961159,3.211,5251,214,5465,txt_source,
123,K-1,schedule_rows,1,0,0,1.0,1.0,1.0,1,1,1,Jam berapa sidang Reichan dimulai,2025-05-27T20:13:24.446312,3.233,5248,216,5464,txt_source,
124,K-1,schedule_rows,1,0,0,1.0,1.0,1.0,1,1,1,Hari apa sidang akan dilaksanakan oleh Ferdy Mohamad Firdaus,2025-05-27T20:13:33.790590,2.713,5255,215,5470,txt_source,
125,K-1,lecturer_list,3,0,0,1.0,1.0,1.0,1,3,3,Siapa Dosen yang ada di sidang Dewi Mahiranie,2025-05-27T20:13:39.440033,1.222,4997,77,5074,txt_source,
126,K-1,schedule_rows,1,0,0,1.0,1.0,1.0,1,1,1,Jam berapa pelaksanaan sidang dari Adam,2025-05-27T20:13:47.128422,2.211,5248,226,5474,txt_source,
127,K-1,schedule_rows,3,1,0,0.75,1.0,0.8571428571428571,0,3,4,Tampilkan jadwal sidang Bu Rani,2025-05-27T20:14:00.887464,5.924,4265,812,5077,txt_source,
128,K-1,schedule_rows,1,0,0,1.0,1.0,1.0,1,1,1,Dimana ruang sidang Rizky Renaldi Cahya Febrian,2025-05-27T20:14:09.601158,3.036,4271,222,4493,txt_source,
129,K-1,schedule_rows,1,0,0,1.0,1.0,1.0,1,1,1,Apa judul skripsi dari mahasiswa atas nama Dita,2025-05-27T20:14:16.472913,1.984,4269,222,4491,txt_source,
130,K-1,schedule_rows,0,1,3,0.0,0.0,0.0,0,3,1,Tanggal berapa Pak Dwi sidang,2025-05-27T20:14:25.503982,3.021,4266,221,4487,txt_source,
131,K-1,schedule_rows,1,0,1,1.0,0.5,0.6666666666666666,0,2,1,Hari apa saja Bu Utami  menghadiri sidang skripsi,2025-05-27T20:14:35.347822,2.83,4273,220,4493,txt_source,
132,K-1,schedule_rows,3,0,0,1.0,1.0,1.0,1,3,3,Siapa saja mahasiswa yang sidang dengan Pak Ikbal,2025-05-27T20:14:46.548070,4.491,4269,542,4811,txt_source,
133,K-1,schedule_rows,1,0,0,1.0,1.0,1.0,1,1,1,Berapa NIM dari mahasiswa Umar,2025-05-27T20:14:52.351699,1.984,4265,227,4492,txt_source,
134,K-1,lecturer_list,2,0,0,1.0,1.0,1.0,1,2,2,Siapa saja dosen yang sidang bersama Pak Hidayat,2025-05-27T20:14:59.717656,2.772,4013,61,4074,txt_source,
135,K-1,schedule_rows,4,0,1,1.0,0.8,0.888888888888889,0,5,4,Sebutkan mahasiswa yang diuji oleh Bu Tati,2025-05-27T20:15:14.713875,5.392,4270,746,5016,txt_source,
136,K-1,schedule_rows,2,0,1,1.0,0.6666666666666666,0.8,0,3,2,Sebutkan NIM mahasiswa yang diuji oleh Pak Dedeng,2025-05-27T20:15:26.194849,3.831,4271,418,4689,txt_source,
137,K-1,schedule_rows,1,0,0,1.0,1.0,1.0,1,1,1,Tampilkan jadwal sidang dari mahasiswa Ahmad Haris,2025-05-27T20:15:33.813938,2.922,4268,220,4488,txt_source,
138,K-1,schedule_rows,1,0,0,1.0,1.0,1.0,1,1,1,Sebutkan judul skripsi dari mahasiwa Muhammad Iqbal,2025-05-27T20:15:42.070117,3.019,4271,224,4495,txt_source,
139,K-1,schedule_rows,3,0,0,1.0,1.0,1.0,1,3,3,Di ruang mana sidang dengan Pak Didit,2025-05-27T20:15:53.388938,3.893,3964,614,4578,txt_source,
140,K-1,schedule_rows,1,0,0,1.0,1.0,1.0,1,1,1,Tanggal berapa sidang John dilaksanakan,2025-05-27T20:16:01.229394,2.032,3962,213,4175,txt_source,
141,K-2,schedule_rows,1,0,0,1.0,1.0,1.0,1,1,1,Siapa nama mahasiswa dengan NIM 10119233,2025-05-27T20:16:09.938875,3.129,3971,216,4187,txt_source,
142,K-2,schedule_rows,1,0,0,1.0,1.0,1.0,1,1,1,Apa judul skripsi dari mahasiswa dengan NIM 10119902,2025-05-27T20:16:17.607072,2.044,3973,223,4196,txt_source,
143,K-2,schedule_rows,1,0,0,1.0,1.0,1.0,1,1,1,Di ruang mana sidang NIM 10117056 berlangsung,2025-05-27T20:16:25.082362,1.888,3971,229,4200,txt_source,
144,K-2,schedule_rows,1,0,0,1.0,1.0,1.0,1,1,1,Pukul berapa sidang NIM 10119901 selesai,2025-05-27T20:16:34.122875,2.854,3971,219,4190,txt_source,
145,K-2,schedule_rows,1,0,0,1.0,1.0,1.0,1,1,1,Kapan tanggal sidang mahasiswa NIM 10119359,2025-05-27T20:16:41.361185,2.863,2205,214,2419,txt_source,
146,K-2,lecturer_list,3,0,0,1.0,1.0,1.0,1,3,3,Siapa penguji sidang dari mahasiswa NIM 10118158,2025-05-27T20:16:46.236834,1.128,1950,77,2027,txt_source,
147,K-2,schedule_rows,1,0,0,1.0,1.0,1.0,1,1,1,Hari apa mahasiswa dengan NIM 10118314 sidang,2025-05-27T20:16:52.367199,1.727,2205,210,2415,txt_source,
148,K-3,schedule_rows,1,0,0,1.0,1.0,1.0,1,1,1,"Jadwal di R6010, 30 Juli 2024, mulai 09.15",2025-05-27T20:16:59.465867,2.815,2216,210,2426,txt_source,
149,K-3,schedule_rows,1,0,0,1.0,1.0,1.0,1,1,1,"Jadwal di R6028, 30 Juli 2024, selesai 10.30",2025-05-27T20:17:07.768213,2.876,2216,215,2431,txt_source,
150,K-3,schedule_rows,1,0,0,1.0,1.0,1.0,1,1,1,"Jadwal di R6028, 31 Juli 2024, jam 8",2025-05-27T20:17:16.100228,2.817,2212,237,2449,txt_source,
151,K-3,schedule_rows,0,0,1,0.0,0.0,0.0,0,1,0,"Jadwal di R6010, 31 Juli 2024, selesai 10.30",2025-05-27T20:17:23.973159,1.914,2216,25,2241,txt_source,
152,K-3,schedule_rows,1,0,0,1.0,1.0,1.0,1,1,1,"Jadwal di R6010, 01 Ags 2024, mulai 10.30",2025-05-27T20:17:31.134647,1.789,2217,213,2430,txt_source,
153,K-3,schedule_rows,1,0,0,1.0,1.0,1.0,1,1,1,"Jadwal di 6010, 30 Juli 2024, mulai 10:30",2025-05-27T20:17:40.654070,2.061,2216,224,2440,txt_source,
154,K-3,schedule_rows,1,0,0,1.0,1.0,1.0,1,1,1,"Jadwal di 6028, 13 Agustus 2024, selesai 09:15",2025-05-27T20:17:49.124176,2.287,5102,223,5325,txt_source,
155,K-3,schedule_rows,1,4,0,0.2,1.0,0.33333333333333337,0,1,5,"Jadwal di 6010, 13 Agustus 2024, selesai pukul 13",2025-05-27T20:18:02.220414,6.97,5100,1007,6107,txt_source,
156,K-4,schedule_rows,2,0,0,1.0,1.0,1.0,1,2,2,NIM mahasiswa yang diuji Chrismikha pada 14 Agustus 2024,2025-05-27T20:18:10.127968,2.977,5095,426,5521,txt_source,
157,K-4,schedule_rows,4,0,0,1.0,1.0,1.0,1,4,4,Semua mahasiswa di ruang R6034 tanggal 14 Agustus 2024,2025-05-27T20:18:22.999456,5.781,5095,816,5911,txt_source,
158,K-4,schedule_rows,4,0,0,1.0,1.0,1.0,1,4,4,Mahasiswa di ruang R6010 tanggal 14 Agustus 2024,2025-05-27T20:18:37.781472,5.682,5095,798,5893,txt_source,
159,K-4,schedule_rows,3,0,1,1.0,0.75,0.8571428571428571,0,4,3,NIM mahasiswa sidang pukul 09.15 tanggal 15 Agustus 2024,2025-05-27T20:18:51.279731,4.174,5096,589,5685,txt_source,
160,K-4,schedule_rows,3,0,0,1.0,1.0,1.0,1,3,3,Mahasiswa yang diuji Anna tanggal 15 Agustus 2024.,2025-05-27T20:19:02.834207,3.607,5093,512,5605,txt_source,
161,K-4,schedule_rows,3,0,0,1.0,1.0,1.0,1,3,3,Semua mahasiswa sidang di R6028 hari Selasa,2025-05-27T20:19:14.747831,4.976,5087,605,5692,txt_source,
162,K-4,schedule_rows,0,0,1,0.0,0.0,0.0,0,1,0,Mahasiswa yang diuji Bu Sufaatin jam 08:00,2025-05-27T20:19:22.165500,1.376,5092,25,5117,txt_source,
163,K-4,lecturer_list,11,0,1,1.0,0.9166666666666666,0.9565217391304348,0,12,11,Semua dosen yang menguji di ruang R6010 tanggal 13 Agustus 2024,2025-05-27T20:19:29.137874,2.087,4841,217,5058,txt_source,
164,K-4,schedule_rows,3,0,0,1.0,1.0,1.0,1,3,3,NIM mahasiswa yang sidang di R6028 tanggal 13 Agustus 2024,2025-05-27T20:19:43.385074,5.143,5096,605,5701,txt_source,
165,K-4,schedule_rows,12,0,0,1.0,1.0,1.0,1,12,12,Nama mahasiswa yang sidang di Rabu tanggal 14 Agustus 2024,2025-05-27T20:20:12.267720,13.686,5092,2376,7468,txt_source,
166,K-4,lecturer_list,5,1,3,0.8333333333333334,0.625,0.7142857142857143,0,8,6,Semua dosen yang menguji di hari Kamis ruang R6010,2025-05-27T20:20:19.552299,1.96,4833,135,4968,txt_source,
167,K-4,schedule_rows,3,0,1,1.0,0.75,0.8571428571428571,0,4,3,Mahasiswa yang diuji oleh Bu Kania tanggal 15 Agustus 2024,2025-05-27T20:20:34.371839,6.026,5095,565,5660,txt_source,
168,K-4,schedule_rows,5,0,0,1.0,1.0,1.0,1,5,5,NIM mahasiswa yang sidang di R6010 hari Selasa,2025-05-27T20:20:51.593509,7.285,5088,1007,6095,txt_source,
169,K-4,schedule_rows,4,0,0,1.0,1.0,1.0,1,4,4,"Semua mahasiswa yang sidang di R6028, tanggal 14 Agustus 2024",2025-05-27T20:21:04.835731,5.474,5097,818,5915,txt_source,
170,K-5,aggregation,1,0,0,1.0,1.0,1.0,1,1,1,Berapa sidang di R6010 tanggal 15 Agustus 2024,2025-05-27T20:21:11.089990,2.084,4783,33,4816,txt_source,
171,K-5,aggregation,0,1,1,0.0,0.0,0.0,0,1,1,Jumlah jadwal di R6028 tanggal 15 Agust 2024,2025-05-27T20:21:16.973701,2.079,4782,33,4815,txt_source,
172,K-5,aggregation,1,0,0,1.0,1.0,1.0,1,1,1,Total seminar mulai 09.15 tanggal 19 Agustus 2024,2025-05-27T20:21:25.117907,2.358,10320,33,10353,txt_source,
173,K-5,aggregation,0,1,1,0.0,0.0,0.0,0,1,1,Banyak sidang di 6034 tanggal 19 Agustus 2024,2025-05-27T20:21:32.510441,2.661,10319,33,10352,txt_source,
174,K-5,aggregation,0,1,1,0.0,0.0,0.0,0,1,1,Jumlah sidang berakhir 10.30 tanggal 20 Agustus 2024,2025-05-27T20:21:38.535115,1.329,10320,33,10353,txt_source,
175,K-5,aggregation,0,1,1,0.0,0.0,0.0,0,1,1,Berapa jumlah dosen yang sidang tanggal 23 Agustus 2024,2025-05-27T20:21:46.328340,2.887,10317,34,10351,txt_source,
176,K-5,aggregation,1,0,0,1.0,1.0,1.0,1,1,1,Berapa banyak mahasiswa yang sidang hari Kamis,2025-05-27T20:21:54.281260,2.887,10309,34,10343,txt_source,
177,K-5,aggregation,0,1,1,0.0,0.0,0.0,0,1,1,Total sidang berakhir jam 11.45  tanggal 22 Agustus 2024,2025-05-27T20:22:01.773825,2.309,10322,33,10355,txt_source,
178,K-5,aggregation,0,1,1,0.0,0.0,0.0,0,1,1,Jumlah jadwal di R6028 tanggal 21 Agustus 2024,2025-05-27T20:22:09.717023,2.973,10319,33,10352,txt_source,
179,K-5,aggregation,1,0,0,1.0,1.0,1.0,1,1,1,Banyak sidang Pak Hanhan hari Senin,2025-05-27T20:22:16.480965,1.359,10308,33,10341,txt_source,
180,K-5,aggregation,1,0,0,1.0,1.0,1.0,1,1,1,Jumlah mahasiswa yang seminar di R6010 tanggal 20 Agustus 2024,2025-05-27T20:22:24.038154,2.534,10321,33,10354,txt_source,
181,K-6,schedule_rows,1,3,0,0.25,1.0,0.4,0,1,4,"Siapa saja mahasiswa dengan sidang paling pagi pada tanggal 20 Agustus 2024? Jika ada lebih dari 1 orang, ambil yang nim nya paling kecil.",2025-05-27T20:22:39.657486,6.159,10648,814,11462,txt_source,
182,K-6,schedule_rows,0,1,1,0.0,0.0,0.0,0,1,1,Siapa mahasiswa dengan sidang paling akhir pada  21 Agustus 2024,2025-05-27T20:22:50.676376,3.677,10630,214,10844,txt_source,
183,K-6,schedule_rows,1,0,0,1.0,1.0,1.0,1,1,1,Mahasiswa mana yang memiliki judul skripsi terpanjang pada 21 Agustus 2024,2025-05-27T20:23:02.464732,4.86,10634,228,10862,txt_source,
184,K-6,schedule_rows,1,0,0,1.0,1.0,1.0,1,1,1,"Di antara sidang tanggal 23 Agustus 2024, siapa mahasiswa dengan NIM terkecil",2025-05-27T20:23:10.828599,2.283,10634,219,10853,txt_source,
185,K-6,schedule_rows,0,1,1,0.0,0.0,0.0,0,1,1,"Untuk sidang tanggal 24 Agustus 2024, judul mana yang muncul pertama secara alfabetis dan milik mahasiswa siapa",2025-05-27T20:23:22.553885,3.706,10638,231,10869,txt_source,
186,K-6,schedule_rows,0,1,1,0.0,0.0,0.0,0,1,1,"Siapa saja mahasiswa dengan sidang paling akhir pada tanggal 24 Agustus 2024? Jika ada lebih dari 1 orang, ambil yang nim nya paling kecil",2025-05-27T20:23:32.253261,3.657,10647,219,10866,txt_source,
187,K-6,schedule_rows,1,1,0,0.5,1.0,0.6666666666666666,0,1,2,Siapa mahasiswa dengan sidang paling awal pada hari Senin? Jika lebih dari 1 orang ambil nim yang paling besar,2025-05-27T20:23:44.415263,3.45,10635,410,11045,txt_source,
188,K-6,schedule_rows,0,1,1,0.0,0.0,0.0,0,1,1,Mahasiswa mana yang memiliki judul skripsi paling singkat pada  tanggal 24 Agustus 2024,2025-05-27T20:23:53.460293,3.063,10635,226,10861,txt_source,
189,K-6,schedule_rows,1,0,0,1.0,1.0,1.0,1,1,1,"Di antara sidang tanggal 26 Agustus 2024, siapa mahasiswa dengan NIM terkecil",2025-05-27T20:24:02.544934,2.205,9083,215,9298,txt_source,
190,K-6,schedule_rows,0,1,1,0.0,0.0,0.0,0,1,1,"Untuk sidang tanggal 27 Agustus 2024, judul mana yang muncul pertama secara alfabetis dan milik mahasiswa siapa",2025-05-27T20:24:12.322163,2.767,9087,227,9314,txt_source,
191,K-6,schedule_rows,1,0,0,1.0,1.0,1.0,1,1,1,Siapa mahasiswa dengan sidang paling terakhir pada hari Senin,2025-05-27T20:24:22.444774,3.49,9072,221,9293,txt_source,
192,K-6,schedule_rows,0,1,1,0.0,0.0,0.0,0,1,1,Siapa mahasiswa dengan NIM terkecil yang sidang di ruang  6010 pada 28 Agustus 2024,2025-05-27T20:24:32.932303,3.591,9089,225,9314,txt_source,
193,K-6,lecturer_list,2,9,0,0.18181818181818182,1.0,0.3076923076923077,0,2,11,Siapa saja dosen yang menguji terbanyak pada tanggal 29 Agustus 2024 jika lebih dari satu tampilkan sesuai urutan alphabet,2025-05-27T20:24:43.023549,3.832,8835,214,9049,txt_source,
194,K-6,lecturer_list,17,1,6,0.9444444444444444,0.7391304347826086,0.8292682926829269,0,23,18,"Tampilkan daftar nama dosen yang menguji pada sidang hari Senin, diurutkan secara alfabet",2025-05-27T20:24:53.874136,3.904,8823,327,9150,txt_source,
195,K-6,schedule_rows,1,0,0,1.0,1.0,1.0,1,1,1,"Pada sidang tanggal 30 Agustus 2024, siapakah mahasiswa yang memiliki NIM terbesar",2025-05-27T20:25:04.299990,3.617,9082,217,9299,txt_source,
196,K-6,schedule_rows,4,3,0,0.5714285714285714,1.0,0.7272727272727273,0,4,7,Siapa mahasiswa yang sidang di ruang Lab 6 pada hari Senin,2025-05-27T21:40:13.549612,8.691,9075,1374,10449,txt_source,
197,K-6,schedule_rows,3,1,1,0.75,0.75,0.75,0,4,4,Sebutkan NIM mahasiswa yang sidang di Ruang 6028 pada tanggal 28 Agustus 2024,2025-05-27T20:25:50.349766,5.539,9088,798,9886,txt_source,
198,K-6,schedule_rows,1,0,0,1.0,1.0,1.0,1,1,1,Sebutkan NIM mahasiswa terkecil yang sidang di Ruang 6010 pada tanggal 29 Agustus 2024,2025-05-27T20:25:57.621399,2.637,9091,223,9314,txt_source,
199,K-6,schedule_rows,1,3,0,0.25,1.0,0.4,0,1,4,"Sebutkan NIM mahasiswa yang sidang di hari Jumat, jika lebih dari satu tampilkan NIM yang terbesar",2025-05-27T20:26:13.202954,5.913,9082,788,9870,txt_source,
200,K-6,schedule_rows,0,1,1,0.0,0.0,0.0,0,1,1,Mahasiswa yang memiliki judul skripsi paling panjang pada tanggal 29 Agustus 2024,2025-05-27T20:26:23.387158,3.587,9082,221,9303,txt_source,
1,K-1,schedule_rows,2,0,0,1.0,1.0,1.0,1,2,2,Tampilkan jadwal Pak Sopian,2025-05-27T19:55:55.803473,2.724,4835,334,5169,json_source,
2,K-1,schedule_rows,1,0,0,1.0,1.0,1.0,1,1,1,Di ruang mana seminar Wildan dilaksanakan,2025-05-27T19:56:03.194613,2.942,4836,204,5040,json_source,
3,K-1,schedule_rows,1,0,0,1.0,1.0,1.0,1,1,1,Pukul berapa seminar Faishal dimulai,2025-05-27T19:56:09.888200,2.019,4837,194,5031,json_source,
4,K-1,schedule_rows,1,0,0,1.0,1.0,1.0,1,1,1,Apa judul skripsi Guntur Maulana Ibrahim,2025-05-27T19:56:19.804082,2.085,4837,202,5039,json_source,
5,K-1,schedule_rows,1,0,0,1.0,1.0,1.0,1,1,1,Berapa NIM dari mahasiswa Ferdi Bayu Febryan,2025-05-27T19:56:27.500219,3.281,4840,192,5032,json_source,
6,K-1,schedule_rows,1,0,0,1.0,1.0,1.0,1,1,1,Tanggal berapa seminar Tri Novarel Rahmadhani,2025-05-27T19:56:33.338730,1.831,4839,193,5032,json_source,
7,K-1,schedule_rows,1,0,0,1.0,1.0,1.0,1,1,1,Jam berapa seminar Muhammad Iman Komarudiansyah berakhir,2025-05-27T19:56:41.940990,2.917,4840,200,5040,json_source,
8,K-1,schedule_rows,3,0,0,1.0,1.0,1.0,1,3,3,Tampilkan jadwal Bu Rani,2025-05-27T19:56:52.068739,3.7,4834,555,5389,json_source,
9,K-1,schedule_rows,1,0,0,1.0,1.0,1.0,1,1,1,Jam berapa seminar Ekayan Arsyad dimulai,2025-05-27T19:57:01.244549,2.843,4839,213,5052,json_source,
10,K-1,schedule_rows,1,0,0,1.0,1.0,1.0,1,1,1,Hari apa seminar akan dilaksanakan Ivan Aprilman Hura,2025-05-27T19:57:08.533566,3.078,4839,205,5044,json_source,
11,K-1,schedule_rows,1,0,0,1.0,1.0,1.0,1,1,1,Jam berapa pelaksanaan seminar dari Muhammad Cahaya Adiransyah Tasman dimulai,2025-05-27T19:57:15.097401,2.095,4843,197,5040,json_source,
12,K-1,lecturer_list,2,0,0,1.0,1.0,1.0,1,2,2,Siapa Dosen yang ada diseminar Weldira Tarigan,2025-05-27T19:57:21.962600,2.308,4580,60,4640,json_source,
13,K-1,schedule_rows,1,0,0,1.0,1.0,1.0,1,1,1,Apa judul skripsi Elbaruna,2025-05-27T19:57:29.633504,3.14,4836,209,5045,json_source,
14,K-1,schedule_rows,1,0,0,1.0,1.0,1.0,1,1,1,Sebutkan ruangan tempat seminarnya Riswan,2025-05-27T19:57:43.838335,2.033,4838,208,5046,json_source,
15,K-1,schedule_rows,1,0,0,1.0,1.0,1.0,1,1,1,Berapakan NIM dari Zulhaqi,2025-05-27T19:57:51.099290,2.884,4837,197,5034,json_source,
16,K-1,schedule_rows,1,0,0,1.0,1.0,1.0,1,1,1,Munculkan jadwal dari dosen Irfan,2025-05-27T19:57:58.885443,2.656,1146,204,1350,json_source,
17,K-1,schedule_rows,1,0,1,1.0,0.5,0.6666666666666666,0,2,1,Di mana seminar Rizky dilaksanakan,2025-05-27T19:58:04.745363,1.661,1144,206,1350,json_source,
18,K-1,schedule_rows,1,0,0,1.0,1.0,1.0,1,1,1,Pada pukul berapa seminar Rizal Sihombing dimulai,2025-05-27T19:58:11.543499,2.546,1147,202,1349,json_source,
19,K-1,schedule_rows,1,0,0,1.0,1.0,1.0,1,1,1,Apa judul skripsi Rizky Renaldi,2025-05-27T19:58:19.243274,2.565,1146,206,1352,json_source,
20,K-1,schedule_rows,1,0,0,1.0,1.0,1.0,1,1,1,Berapa NIM dari mahasiswa Muhammad Rizky Pratama Solahudin,2025-05-27T19:58:25.933760,2.563,1151,204,1355,json_source,
21,K-1,schedule_rows,1,0,0,1.0,1.0,1.0,1,1,1,Tanggal berapa seminar Rizky Renaldi Cahya Febrian,2025-05-27T19:58:32.969752,2.639,1150,206,1356,json_source,
22,K-1,schedule_rows,1,0,0,1.0,1.0,1.0,1,1,1,Jam berapa seminar Rizal Sihombing berakhir,2025-05-27T19:58:40.877537,2.613,1146,202,1348,json_source,
23,K-1,schedule_rows,1,0,1,1.0,0.5,0.6666666666666666,0,2,1,Jam berapa seminar Rizky dimulai,2025-05-27T19:58:47.824266,2.766,1144,206,1350,json_source,
24,K-1,schedule_rows,1,0,0,1.0,1.0,1.0,1,1,1,Hari apa seminar akan dilaksanakan oleh Rizky Pratama Solahudin,2025-05-27T19:58:54.674325,1.621,1151,204,1355,json_source,
25,K-1,lecturer_list,2,0,0,1.0,1.0,1.0,1,2,2,Siapa Dosen yang ada diseminar Rizky Renaldi,2025-05-27T19:59:00.143483,2.008,889,67,956,json_source,
26,K-1,schedule_rows,1,0,0,1.0,1.0,1.0,1,1,1,Jam berapa pelaksanaan seminar dari Muhammad Rizky,2025-05-27T19:59:06.936520,2.601,1146,204,1350,json_source,
27,K-1,schedule_rows,2,0,0,1.0,1.0,1.0,1,2,2,Tampilkan jadwal Bapak Taryana,2025-05-27T19:59:15.364136,3.431,2518,359,2877,json_source,
28,K-1,schedule_rows,1,0,0,1.0,1.0,1.0,1,1,1,Dimana ruang seminarnya Hafid,2025-05-27T19:59:22.108014,2.042,2519,213,2732,json_source,
29,K-1,schedule_rows,1,0,0,1.0,1.0,1.0,1,1,1,Apa judul skripsi dari mahasiswa atas nama Simatupang,2025-05-27T19:59:29.250513,1.754,2524,201,2725,json_source,
30,K-1,schedule_rows,2,0,0,1.0,1.0,1.0,1,2,2,Tanggal berapa Bu Gentisya seminar,2025-05-27T19:59:39.149723,2.964,2520,382,2902,json_source,
31,K-1,schedule_rows,2,0,0,1.0,1.0,1.0,1,2,2,Hari apa saja Pak Dedeng seminar,2025-05-27T19:59:48.442187,3.536,2519,345,2864,json_source,
32,K-1,schedule_rows,2,0,0,1.0,1.0,1.0,1,2,2,Siapa saja mahasiswa yang seminar dengan Pak Galih,2025-05-27T19:59:58.132806,3.607,2522,372,2894,json_source,
33,K-1,schedule_rows,1,0,0,1.0,1.0,1.0,1,1,1,Berapa NIM dari mahasiswa Dimas,2025-05-27T20:00:05.359594,2.793,2519,200,2719,json_source,
34,K-1,lecturer_list,3,0,0,1.0,1.0,1.0,1,3,3,Siapa saja dosen yang seminar bersama Pak Chrismikha,2025-05-27T20:00:11.172807,2.181,2262,81,2343,json_source,
35,K-1,schedule_rows,4,0,0,1.0,1.0,1.0,1,4,4,Sebutkan mahasiswa yang diuji oleh Pak Eko Budi,2025-05-27T20:00:24.575922,5.721,5214,739,5953,json_source,
36,K-1,schedule_rows,4,0,1,1.0,0.8,0.888888888888889,0,5,4,Sebutkan NIM mahasiswa yang diuji oleh Bu Anna Dara,2025-05-27T20:00:38.442613,5.678,5213,732,5945,json_source,
37,K-1,schedule_rows,1,0,0,1.0,1.0,1.0,1,1,1,Tampilkan jadwal seminar dari mahasiswa Muhammad Irsyad,2025-05-27T20:00:44.743791,1.971,5211,194,5405,json_source,
38,K-1,schedule_rows,1,0,0,1.0,1.0,1.0,1,1,1,Sebutkan judul skripsi dari mahasiwa Mochamad Yusuf,2025-05-27T20:00:54.273200,4.053,5214,215,5429,json_source,
39,K-1,schedule_rows,4,0,1,1.0,0.8,0.888888888888889,0,5,4,Di ruang mana seminar dengan Bu Anna Dara,2025-05-27T20:01:07.169638,5.812,5209,732,5941,json_source,
40,K-1,schedule_rows,1,0,0,1.0,1.0,1.0,1,1,1,Tanggal berapa seminar Sacofi dilaksanakan,2025-05-27T20:01:15.492948,3.033,5208,210,5418,json_source,
41,K-2,schedule_rows,1,0,0,1.0,1.0,1.0,1,1,1,Siapa nama mahasiswa dengan NIM 10118058,2025-05-27T20:01:22.431693,1.73,1560,214,1774,json_source,
42,K-2,schedule_rows,1,0,0,1.0,1.0,1.0,1,1,1,Apa judul skripsi dari mahasiswa dengan NIM 10118039,2025-05-27T20:01:30.808545,3.19,1562,214,1776,json_source,
43,K-2,schedule_rows,1,0,0,1.0,1.0,1.0,1,1,1,Di ruang mana seminar NIM 10119192 berlangsung,2025-05-27T20:01:38.847909,2.872,1560,206,1766,json_source,
44,K-2,schedule_rows,1,0,0,1.0,1.0,1.0,1,1,1,Pukul berapa seminar NIM 10117172 selesai,2025-05-27T20:01:46.816863,2.806,1560,214,1774,json_source,
45,K-2,schedule_rows,1,0,0,1.0,1.0,1.0,1,1,1,Kapan tanggal seminar mahasiswa NIM 10118346,2025-05-27T20:01:54.777535,2.594,1560,203,1763,json_source,
46,K-2,lecturer_list,1,0,1,1.0,0.5,0.6666666666666666,0,2,1,Siapa penguji seminar dari mahasiswa NIM 10119913,2025-05-27T20:01:59.992860,0.817,691,45,736,json_source,
47,K-2,schedule_rows,1,0,0,1.0,1.0,1.0,1,1,1,Hari apa mahasiswa dengan NIM 10120901 seminar,2025-05-27T20:02:07.941915,2.835,951,200,1151,json_source,
48,K-3,schedule_rows,1,0,0,1.0,1.0,1.0,1,1,1,"Jadwal di R6010, 27 Mei 2024, mulai 09.15",2025-05-27T20:02:16.324061,2.877,4055,209,4264,json_source,
49,K-3,schedule_rows,1,0,0,1.0,1.0,1.0,1,1,1,"Jadwal di R6028, 27 Mei 2024, selesai 10.30",2025-05-27T20:02:22.791951,2.092,4055,205,4260,json_source,
50,K-3,schedule_rows,1,0,0,1.0,1.0,1.0,1,1,1,"Jadwal di R6028, 29 Mei 2024, jam 8",2025-05-27T20:02:31.138416,2.966,4051,217,4268,json_source,
51,K-3,schedule_rows,1,0,0,1.0,1.0,1.0,1,1,1,"Jadwal di R6010, 29 Mei 2024, selesai 10.30",2025-05-27T20:02:38.844326,3.026,4055,206,4261,json_source,
52,K-3,schedule_rows,1,0,0,1.0,1.0,1.0,1,1,1,"Jadwal di R6010, 02 Jan 2024, mulai 09.15",2025-05-27T20:02:47.403760,3.213,5227,209,5436,json_source,
53,K-3,schedule_rows,1,0,0,1.0,1.0,1.0,1,1,1,"Jadwal di 6010, 02 Januari 2024, mulai 10:30",2025-05-27T20:02:55.758608,3.009,5227,199,5426,json_source,
54,K-3,schedule_rows,1,0,0,1.0,1.0,1.0,1,1,1,"Jadwal di 6028, 3 Januari 2024, selesai 09:15",2025-05-27T20:03:03.176165,2.85,5226,210,5436,json_source,
55,K-3,schedule_rows,1,1,0,0.5,1.0,0.6666666666666666,0,1,2,"Jadwal di 6010, 03 Januari 2024, selesai pukul 13",2025-05-27T20:03:13.697697,3.523,5225,381,5606,json_source,
56,K-4,schedule_rows,2,0,0,1.0,1.0,1.0,1,2,2,NIM mahasiswa yang diuji Chrismikha pada 21 Juni 2024,2025-05-27T20:03:25.232512,4.254,8989,379,9368,json_source,
57,K-4,schedule_rows,4,0,0,1.0,1.0,1.0,1,4,4,Semua mahasiswa di ruang R6010 tanggal 21 Juni 2024,2025-05-27T20:03:38.594952,5.246,8989,743,9732,json_source,
58,K-4,schedule_rows,4,0,0,1.0,1.0,1.0,1,4,4,Mahasiswa di ruang R6010 tanggal 2 Jan 2024,2025-05-27T20:03:52.887337,5.6,5219,721,5940,json_source,
59,K-4,schedule_rows,2,0,0,1.0,1.0,1.0,1,2,2,NIM mahasiswa seminar selesai pukul 09.15 tanggal 3 Jan 2024,2025-05-27T20:04:01.999534,3.923,5221,375,5596,json_source,
60,K-4,schedule_rows,3,0,0,1.0,1.0,1.0,1,3,3,Mahasiswa yang diuji Anna tanggal 4 Jan 2024.,2025-05-27T20:04:15.528616,5.215,5217,564,5781,json_source,
61,K-4,schedule_rows,2,0,0,1.0,1.0,1.0,1,2,2,Semua mahasiswa seminar di R6028 hari Sabtu,2025-05-27T20:04:26.480929,4.133,11868,373,12241,json_source,
62,K-4,schedule_rows,2,2,0,0.5,1.0,0.6666666666666666,0,2,4,Mahasiswa yang diuji Bu Sufaatin jam 09:15,2025-05-27T20:04:40.006305,5.141,11873,735,12608,json_source,
63,K-4,lecturer_list,4,1,1,0.8,0.8,0.8000000000000002,0,5,5,Semua dosen yang menguji di ruang R6010 tanggal 28 Juni 2024,2025-05-27T20:04:50.640232,1.862,11617,113,11730,json_source,
64,K-4,schedule_rows,5,0,0,1.0,1.0,1.0,1,5,5,NIM mahasiswa yang seminar di R6028 tanggal 27 Juni 2024,2025-05-27T20:05:06.060536,6.331,11877,917,12794,json_source,
65,K-4,schedule_rows,12,0,0,1.0,1.0,1.0,1,12,12,Nama mahasiswa yang seminar pada tanggal 26 Jun 2024,2025-05-27T20:05:34.660562,13.198,11872,2162,14034,json_source,
66,K-4,lecturer_list,4,0,0,1.0,1.0,1.0,1,4,4,Semua dosen yang menguji di hari Kamis ruang R6010,2025-05-27T20:05:42.329364,2.773,4953,93,5046,json_source,
67,K-4,schedule_rows,0,3,2,0.0,0.0,0.0,0,2,3,Mahasiswa yang diuji oleh Bu Dian tanggal 5 Januari 2024,2025-05-27T20:05:50.445659,3.525,5218,547,5765,json_source,
68,K-4,schedule_rows,3,0,0,1.0,1.0,1.0,1,3,3,NIM mahasiswa yang seminar di R6010 hari Jumat,2025-05-27T20:06:01.247035,3.667,5213,563,5776,json_source,
69,K-4,schedule_rows,2,0,0,1.0,1.0,1.0,1,2,2,"Semua mahasiswa yang seminar di R6028, tanggal 4 Januari 2024",2025-05-27T20:06:11.388415,3.82,5221,384,5605,json_source,
70,K-5,aggregation,1,0,0,1.0,1.0,1.0,1,1,1,Berapa seminar di R6010 tanggal 2 Jan 2024,2025-05-27T20:06:21.107806,4.399,4902,33,4935,json_source,
71,K-5,aggregation,0,1,1,0.0,0.0,0.0,0,1,1,Jumlah jadwal di R6028 tanggal 3 Jan 2024,2025-05-27T20:06:28.128332,2.185,4901,33,4934,json_source,
72,K-5,aggregation,0,1,1,0.0,0.0,0.0,0,1,1,Total seminar mulai 09.15 tanggal 28 Juni 2024,2025-05-27T20:06:35.801512,3.027,11559,33,11592,json_source,
73,K-5,aggregation,1,0,0,1.0,1.0,1.0,1,1,1,Banyak seminar di 6028 tanggal 26 Juni 2024,2025-05-27T20:06:44.070383,3.292,11558,33,11591,json_source,
74,K-5,aggregation,0,1,1,0.0,0.0,0.0,0,1,1,Jumlah seminar berakhir 10.30 tanggal 24 Juni 2024,2025-05-27T20:06:52.127650,3.156,11559,33,11592,json_source,
75,K-5,aggregation,0,1,1,0.0,0.0,0.0,0,1,1,Berapa jumlah dosen yang seminar tanggal 4 Jan,2025-05-27T20:06:58.115482,1.492,4894,33,4927,json_source,
76,K-5,aggregation,1,0,0,1.0,1.0,1.0,1,1,1,Berapa banyak mahasiswa yang seminar hari Rabu,2025-05-27T20:07:03.979670,2.419,4892,33,4925,json_source,
77,K-5,aggregation,1,0,0,1.0,1.0,1.0,1,1,1,Total seminar berakhir jam 11.45  tanggal 1 Juli 2024,2025-05-27T20:07:10.277055,1.594,9246,33,9279,json_source,
78,K-5,aggregation,1,0,0,1.0,1.0,1.0,1,1,1,Jumlah jadwal di R6028 tanggal 2 Juli 2024,2025-05-27T20:07:17.342318,2.418,9243,33,9276,json_source,
79,K-5,aggregation,0,1,1,0.0,0.0,0.0,0,1,1,Banyak seminar Bu Nelly hari Selasa,2025-05-27T20:07:23.502268,2.549,9232,33,9265,json_source,
80,K-5,aggregation,0,1,1,0.0,0.0,0.0,0,1,1,Jumlah mahasiswa yang seminar di R6010 tanggal 4 Juli 2024,2025-05-27T20:07:29.634576,1.385,9245,33,9278,json_source,
81,K-6,schedule_rows,1,1,0,0.5,1.0,0.6666666666666666,0,1,2,"Siapa saja mahasiswa dengan seminar paling pagi pada tanggal 1 Juli 2024? Jika ada lebih dari 1 orang, ambil yang nim nya paling kecil.",2025-05-27T20:07:39.210354,3.045,9577,384,9961,json_source,
82,K-6,schedule_rows,1,0,0,1.0,1.0,1.0,1,1,1,Siapa mahasiswa dengan seminar paling akhir pada  4 Juli 2024,2025-05-27T20:07:47.148141,2.419,9559,193,9752,json_source,
83,K-6,schedule_rows,0,1,1,0.0,0.0,0.0,0,1,1,Mahasiswa mana yang memiliki judul skripsi terpanjang pada 5 Juli 2024,2025-05-27T20:07:55.111086,2.288,9563,212,9775,json_source,
84,K-6,schedule_rows,0,1,1,0.0,0.0,0.0,0,1,1,"Di antara seminar tanggal 4 Juli 2024, siapa mahasiswa dengan NIM terkecil",2025-05-27T20:08:02.666754,2.618,9563,205,9768,json_source,
85,K-6,schedule_rows,0,1,1,0.0,0.0,0.0,0,1,1,"Untuk seminar tanggal 3 Juli 2024, judul mana yang muncul pertama secara alfabetis dan milik mahasiswa siapa",2025-05-27T20:08:10.320661,3.307,9567,194,9761,json_source,
86,K-6,schedule_rows,1,0,0,1.0,1.0,1.0,1,1,1,"Siapa saja mahasiswa dengan seminar paling akhir pada tanggal 8 Juli 2024? Jika ada lebih dari 1 orang, ambil yang nim nya paling kecil",2025-05-27T20:08:17.404071,1.845,2164,206,2370,json_source,
87,K-6,schedule_rows,1,0,0,1.0,1.0,1.0,1,1,1,Siapa mahasiswa dengan seminar paling awal pada hari Senin? Jika lebih dari 1 orang ambil nim yang paling besar,2025-05-27T20:08:23.578692,1.783,2153,211,2364,json_source,
88,K-6,schedule_rows,1,0,0,1.0,1.0,1.0,1,1,1,Mahasiswa mana yang memiliki judul skripsi paling singkat pada  tanggal 10 Juli 2024,2025-05-27T20:08:32.147043,3.031,2153,194,2347,json_source,
89,K-6,schedule_rows,1,0,0,1.0,1.0,1.0,1,1,1,"Di antara seminar tanggal 9 Juli 2024, siapa mahasiswa dengan NIM terkecil",2025-05-27T20:08:38.207318,1.765,2151,215,2366,json_source,
90,K-6,schedule_rows,0,1,1,0.0,0.0,0.0,0,1,1,"Untuk seminar tanggal 8 Juli 2024, judul mana yang muncul pertama secara alfabetis dan milik mahasiswa siapa",2025-05-27T20:08:45.360579,1.741,2155,211,2366,json_source,
91,K-6,schedule_rows,1,0,0,1.0,1.0,1.0,1,1,1,Siapa mahasiswa dengan seminar paling terakhir pada hari Senin,2025-05-27T20:08:53.432846,2.783,1148,202,1350,json_source,
92,K-6,schedule_rows,1,0,0,1.0,1.0,1.0,1,1,1,Siapa mahasiswa dengan NIM terkecil yang seminar di ruang  6010 pada 11 Desember 2023,2025-05-27T20:09:01.393355,2.82,1165,204,1369,json_source,
93,K-6,lecturer_list,2,1,0,0.6666666666666666,1.0,0.8,0,2,3,Siapa saja dosen yang menguji terbanyak pada tanggal 5 Januari 2024 jika lebih dari satu tampilkan sesuai urutan alphabet,2025-05-27T20:09:06.798150,1.457,4968,80,5048,json_source,
94,K-4,lecturer_list,3,0,3,1.0,0.5,0.6666666666666666,0,6,3,Urutkan berdasarkan alphabet nama dosen yang seminar di hari Jumat,2025-05-27T20:09:12.903105,2.23,4951,80,5031,json_source,
95,K-6,schedule_rows,0,1,1,0.0,0.0,0.0,0,1,1,"Pada seminar tanggal 2 Januari 2024, siapakah mahasiswa yang memiliki NIM terbesar",2025-05-27T20:09:19.392396,2.181,5220,198,5418,json_source,
96,K-6,schedule_rows,1,0,0,1.0,1.0,1.0,1,1,1,Siapa mahasiswa dengan NIM terkecil yang seminar di ruang R6010 pada hari Selasa,2025-05-27T20:09:26.774785,2.027,5221,209,5430,json_source,
97,K-6,schedule_rows,1,0,0,1.0,1.0,1.0,1,1,1,"Siapa mahasiswa dengan seminar paling pagi di ruang R6028 pada tanggal 3 Januari 2024? Jika lebih dari satu, ambil NIM terkecil.",2025-05-27T20:09:34.139148,2.93,5237,210,5447,json_source,
98,K-6,schedule_rows,0,1,1,0.0,0.0,0.0,0,1,1,Sebutkan NIM mahasiswa terkecil yang seminar di Ruang 6010 pada tanggal 3 Januari 2024,2025-05-27T20:09:41.610993,2.99,5229,207,5436,json_source,
99,K-6,schedule_rows,1,0,0,1.0,1.0,1.0,1,1,1,"Sebutkan NIM mahasiswa yang seminar di hari Sabtu, jika lebih dari satu tampilkan NIM yang terbesar",2025-05-27T20:09:49.784953,2.915,5221,196,5417,json_source,
100,K-6,schedule_rows,1,0,0,1.0,1.0,1.0,1,1,1,Mahasiswa yang memiliki judul skripsi paling panjang pada tanggal 6 Januari 2024,2025-05-27T20:09:56.585885,2.412,5220,212,5432,json_source,
101,K-1,schedule_rows,7,0,0,1.0,1.0,1.0,1,7,7,Tampilkan jadwal sidang Pak Andri,2025-05-27T20:10:15.531604,9.446,9319,1370,10689,json_source,
102,K-1,schedule_rows,1,0,0,1.0,1.0,1.0,1,1,1,Di ruang mana sidang Ikhsan dilaksanakan,2025-05-27T20:10:24.283413,3.331,9321,221,9542,json_source,
103,K-1,schedule_rows,1,0,0,1.0,1.0,1.0,1,1,1,Pukul berapa sidang Muhammad Rifqu dimulai,2025-05-27T20:10:32.714305,3.513,9321,217,9538,json_source,
104,K-1,schedule_rows,1,0,0,1.0,1.0,1.0,1,1,1,Apa judul skripsi Fermi Naufal Akbar,2025-05-27T20:10:40.082048,2.518,9322,213,9535,json_source,
105,K-1,schedule_rows,1,0,0,1.0,1.0,1.0,1,1,1,Berapa NIM dari mahasiswa Tri Novarel Rahmadhani,2025-05-27T20:10:47.283153,2.603,9324,210,9534,json_source,
106,K-1,schedule_rows,1,0,0,1.0,1.0,1.0,1,1,1,Tanggal berapa sidang  Muh Nur I,2025-05-27T20:10:54.688973,2.611,9321,220,9541,json_source,
107,K-1,schedule_rows,1,0,0,1.0,1.0,1.0,1,1,1,Jam berapa sidang Ferdi berakhir,2025-05-27T20:11:02.607797,3.23,9319,209,9528,json_source,
108,K-1,schedule_rows,3,0,1,1.0,0.75,0.8571428571428571,0,4,3,Tampilkan jadwal Ir.Taryana Suryana,2025-05-27T20:11:16.069108,5.296,9322,590,9912,json_source,
109,K-1,schedule_rows,1,0,0,1.0,1.0,1.0,1,1,1,Jam berapa sidang  Miftah dimulai,2025-05-27T20:11:24.352766,3.473,9321,211,9532,json_source,
110,K-1,schedule_rows,1,0,0,1.0,1.0,1.0,1,1,1,Hari apa sidang  Faishal akan dilaksanakan,2025-05-27T20:11:33.579366,3.479,9322,210,9532,json_source,
111,K-1,schedule_rows,1,0,0,1.0,1.0,1.0,1,1,1,Jam berapa pelaksanaan sidang dari Toni Rizky Awalludin dimulai,2025-05-27T20:11:42.248195,2.775,9325,219,9544,json_source,
112,K-1,lecturer_list,3,0,0,1.0,1.0,1.0,1,3,3,Siapa Dosen yang ada disidang Naufal Hafizh,2025-05-27T20:11:48.742915,2.573,9051,76,9127,json_source,
113,K-1,schedule_rows,1,0,0,1.0,1.0,1.0,1,1,1,Apa judul skripsi Rikrik,2025-05-27T20:11:57.071809,2.507,9319,211,9530,json_source,
114,K-1,schedule_rows,1,0,0,1.0,1.0,1.0,1,1,1,Sebutkan ruangan tempat sidang Diva Sabila Ramadhan,2025-05-27T20:12:03.816483,2.202,9324,217,9541,json_source,
115,K-1,schedule_rows,0,0,1,0.0,0.0,0.0,0,1,0,Berapakan NIM dari Angga,2025-05-27T20:12:09.855025,1.342,9320,25,9345,json_source,
116,K-1,schedule_rows,2,4,1,0.3333333333333333,0.6666666666666666,0.4444444444444444,0,3,6,Munculkan jadwal dari Bapak Irawan,2025-05-27T20:12:27.279750,7.309,9322,1151,10473,json_source,
117,K-1,schedule_rows,0,0,1,0.0,0.0,0.0,0,1,0,Di mana sidang mahasiswa bernama Alif dilaksanakan,2025-05-27T20:12:34.423139,2.388,9321,25,9346,json_source,
118,K-1,schedule_rows,1,0,0,1.0,1.0,1.0,1,1,1,Pada pukul berapa sidang Dedus Lihoko dimulai,2025-05-27T20:12:43.603958,3.407,9323,222,9545,json_source,
119,K-1,schedule_rows,1,0,0,1.0,1.0,1.0,1,1,1,Apa judul skripsi Rizky Septiana,2025-05-27T20:12:51.052889,2.55,9321,225,9546,json_source,
120,K-1,schedule_rows,1,0,0,1.0,1.0,1.0,1,1,1,Berapa NIM dari mahasiswa Dicky,2025-05-27T20:12:57.569027,2.385,9320,222,9542,json_source,
121,K-1,schedule_rows,1,0,0,1.0,1.0,1.0,1,1,1,Tanggal berapa sidang Weldira Tarigan,2025-05-27T20:13:06.572141,3.515,9321,211,9532,json_source,
122,K-1,schedule_rows,1,0,0,1.0,1.0,1.0,1,1,1,Jam berapa sidang Rendy Dermawan berakhir,2025-05-27T20:13:14.961159,2.67,9322,214,9536,json_source,
123,K-1,schedule_rows,1,0,0,1.0,1.0,1.0,1,1,1,Jam berapa sidang Reichan dimulai,2025-05-27T20:13:24.446312,3.759,9319,216,9535,json_source,
124,K-1,schedule_rows,1,0,0,1.0,1.0,1.0,1,1,1,Hari apa sidang akan dilaksanakan oleh Ferdy Mohamad Firdaus,2025-05-27T20:13:33.790590,4.12,9326,215,9541,json_source,
125,K-1,lecturer_list,3,0,0,1.0,1.0,1.0,1,3,3,Siapa Dosen yang ada di sidang Dewi Mahiranie,2025-05-27T20:13:39.440033,1.928,9049,77,9126,json_source,
126,K-1,schedule_rows,1,0,0,1.0,1.0,1.0,1,1,1,Jam berapa pelaksanaan sidang dari Adam,2025-05-27T20:13:47.128422,3.615,9319,226,9545,json_source,
127,K-1,schedule_rows,3,0,0,1.0,1.0,1.0,1,3,3,Tampilkan jadwal sidang Bu Rani,2025-05-27T20:14:00.887464,5.311,7463,617,8080,json_source,
128,K-1,schedule_rows,1,0,0,1.0,1.0,1.0,1,1,1,Dimana ruang sidang Rizky Renaldi Cahya Febrian,2025-05-27T20:14:09.601158,3.146,7469,222,7691,json_source,
129,K-1,schedule_rows,1,0,0,1.0,1.0,1.0,1,1,1,Apa judul skripsi dari mahasiswa atas nama Dita,2025-05-27T20:14:16.472913,2.379,7467,222,7689,json_source,
130,K-1,schedule_rows,0,1,3,0.0,0.0,0.0,0,3,1,Tanggal berapa Pak Dwi sidang,2025-05-27T20:14:25.503982,3.484,7464,221,7685,json_source,
131,K-1,schedule_rows,2,0,0,1.0,1.0,1.0,1,2,2,Hari apa saja Bu Utami  menghadiri sidang skripsi,2025-05-27T20:14:35.347822,4.508,7471,420,7891,json_source,
132,K-1,schedule_rows,3,0,0,1.0,1.0,1.0,1,3,3,Siapa saja mahasiswa yang sidang dengan Pak Ikbal,2025-05-27T20:14:46.548070,4.17,7467,593,8060,json_source,
133,K-1,schedule_rows,0,0,1,0.0,0.0,0.0,0,1,0,Berapa NIM dari mahasiswa Umar,2025-05-27T20:14:52.351699,1.314,7463,25,7488,json_source,
134,K-1,lecturer_list,2,0,0,1.0,1.0,1.0,1,2,2,Siapa saja dosen yang sidang bersama Pak Hidayat,2025-05-27T20:14:59.717656,2.621,7192,61,7253,json_source,
135,K-1,schedule_rows,5,0,0,1.0,1.0,1.0,1,5,5,Sebutkan mahasiswa yang diuji oleh Bu Tati,2025-05-27T20:15:14.713875,7.051,7468,1003,8471,json_source,
136,K-1,schedule_rows,3,0,0,1.0,1.0,1.0,1,3,3,Sebutkan NIM mahasiswa yang diuji oleh Pak Dedeng,2025-05-27T20:15:26.194849,5.126,7469,605,8074,json_source,
137,K-1,schedule_rows,1,0,0,1.0,1.0,1.0,1,1,1,Tampilkan jadwal sidang dari mahasiswa Ahmad Haris,2025-05-27T20:15:33.813938,2.181,7466,220,7686,json_source,
138,K-1,schedule_rows,1,0,0,1.0,1.0,1.0,1,1,1,Sebutkan judul skripsi dari mahasiwa Muhammad Iqbal,2025-05-27T20:15:42.070117,2.722,7469,224,7693,json_source,
139,K-1,schedule_rows,3,0,0,1.0,1.0,1.0,1,3,3,Di ruang mana sidang dengan Pak Didit,2025-05-27T20:15:53.388938,5.466,6992,606,7598,json_source,
140,K-1,schedule_rows,1,0,0,1.0,1.0,1.0,1,1,1,Tanggal berapa sidang John dilaksanakan,2025-05-27T20:16:01.229394,3.257,6990,213,7203,json_source,
141,K-2,schedule_rows,1,0,0,1.0,1.0,1.0,1,1,1,Siapa nama mahasiswa dengan NIM 10119233,2025-05-27T20:16:09.938875,3.057,6999,216,7215,json_source,
142,K-2,schedule_rows,1,0,0,1.0,1.0,1.0,1,1,1,Apa judul skripsi dari mahasiswa dengan NIM 10119902,2025-05-27T20:16:17.607072,3.084,7001,223,7224,json_source,
143,K-2,schedule_rows,1,0,0,1.0,1.0,1.0,1,1,1,Di ruang mana sidang NIM 10117056 berlangsung,2025-05-27T20:16:25.082362,3.069,6999,216,7215,json_source,
144,K-2,schedule_rows,1,0,0,1.0,1.0,1.0,1,1,1,Pukul berapa sidang NIM 10119901 selesai,2025-05-27T20:16:34.122875,3.67,6999,219,7218,json_source,
145,K-2,schedule_rows,1,0,0,1.0,1.0,1.0,1,1,1,Kapan tanggal sidang mahasiswa NIM 10119359,2025-05-27T20:16:41.361185,1.861,3468,212,3680,json_source,
146,K-2,lecturer_list,3,0,0,1.0,1.0,1.0,1,3,3,Siapa penguji sidang dari mahasiswa NIM 10118158,2025-05-27T20:16:46.236834,1.229,3194,77,3271,json_source,
147,K-2,schedule_rows,1,0,0,1.0,1.0,1.0,1,1,1,Hari apa mahasiswa dengan NIM 10118314 sidang,2025-05-27T20:16:52.367199,1.897,3468,210,3678,json_source,
148,K-3,schedule_rows,1,0,0,1.0,1.0,1.0,1,1,1,"Jadwal di R6010, 30 Juli 2024, mulai 09.15",2025-05-27T20:16:59.465867,1.741,3479,210,3689,json_source,
149,K-3,schedule_rows,1,0,0,1.0,1.0,1.0,1,1,1,"Jadwal di R6028, 30 Juli 2024, selesai 10.30",2025-05-27T20:17:07.768213,2.923,3479,215,3694,json_source,
150,K-3,schedule_rows,1,0,0,1.0,1.0,1.0,1,1,1,"Jadwal di R6028, 31 Juli 2024, jam 8",2025-05-27T20:17:16.100228,2.992,3475,237,3712,json_source,
151,K-3,schedule_rows,1,0,0,1.0,1.0,1.0,1,1,1,"Jadwal di R6010, 31 Juli 2024, selesai 10.30",2025-05-27T20:17:23.973159,2.934,3479,210,3689,json_source,
152,K-3,schedule_rows,1,0,0,1.0,1.0,1.0,1,1,1,"Jadwal di R6010, 01 Ags 2024, mulai 10.30",2025-05-27T20:17:31.134647,2.295,3480,213,3693,json_source,
153,K-3,schedule_rows,1,2,0,0.3333333333333333,1.0,0.5,0,1,3,"Jadwal di 6010, 30 Juli 2024, mulai 10:30",2025-05-27T20:17:40.654070,4.892,3479,605,4084,json_source,
154,K-3,schedule_rows,1,0,0,1.0,1.0,1.0,1,1,1,"Jadwal di 6028, 13 Agustus 2024, selesai 09:15",2025-05-27T20:17:49.124176,3.614,9122,221,9343,json_source,
155,K-3,schedule_rows,0,1,1,0.0,0.0,0.0,0,1,1,"Jadwal di 6010, 13 Agustus 2024, selesai pukul 13",2025-05-27T20:18:02.220414,3.576,9120,212,9332,json_source,
156,K-4,schedule_rows,1,0,1,1.0,0.5,0.6666666666666666,0,2,1,NIM mahasiswa yang diuji Chrismikha pada 14 Agustus 2024,2025-05-27T20:18:10.127968,2.403,9115,228,9343,json_source,
157,K-4,schedule_rows,3,0,1,1.0,0.75,0.8571428571428571,0,4,3,Semua mahasiswa di ruang R6034 tanggal 14 Agustus 2024,2025-05-27T20:18:22.999456,4.522,9115,618,9733,json_source,
158,K-4,schedule_rows,4,0,0,1.0,1.0,1.0,1,4,4,Mahasiswa di ruang R6010 tanggal 14 Agustus 2024,2025-05-27T20:18:37.781472,6.356,9115,798,9913,json_source,
159,K-4,schedule_rows,4,0,0,1.0,1.0,1.0,1,4,4,NIM mahasiswa sidang pukul 09.15 tanggal 15 Agustus 2024,2025-05-27T20:18:51.279731,6.523,9116,781,9897,json_source,
160,K-4,schedule_rows,3,0,0,1.0,1.0,1.0,1,3,3,Mahasiswa yang diuji Anna tanggal 15 Agustus 2024.,2025-05-27T20:19:02.834207,5.366,9113,604,9717,json_source,
161,K-4,schedule_rows,3,0,0,1.0,1.0,1.0,1,3,3,Semua mahasiswa sidang di R6028 hari Selasa,2025-05-27T20:19:14.747831,4.397,9107,605,9712,json_source,
162,K-4,schedule_rows,1,0,0,1.0,1.0,1.0,1,1,1,Mahasiswa yang diuji Bu Sufaatin jam 08:00,2025-05-27T20:19:22.165500,3.517,9112,221,9333,json_source,
163,K-4,lecturer_list,12,0,0,1.0,1.0,1.0,1,12,12,Semua dosen yang menguji di ruang R6010 tanggal 13 Agustus 2024,2025-05-27T20:19:29.137874,2.357,8842,234,9076,json_source,
164,K-4,schedule_rows,3,0,0,1.0,1.0,1.0,1,3,3,NIM mahasiswa yang sidang di R6028 tanggal 13 Agustus 2024,2025-05-27T20:19:43.385074,6.588,9116,605,9721,json_source,
165,K-4,schedule_rows,12,0,0,1.0,1.0,1.0,1,12,12,Nama mahasiswa yang sidang di Rabu tanggal 14 Agustus 2024,2025-05-27T20:20:12.267720,12.603,9112,2376,11488,json_source,
166,K-4,lecturer_list,6,1,2,0.8571428571428571,0.75,0.7999999999999999,0,8,7,Semua dosen yang menguji di hari Kamis ruang R6010,2025-05-27T20:20:19.552299,2.806,8834,147,8981,json_source,
167,K-4,schedule_rows,4,1,0,0.8,1.0,0.888888888888889,0,4,5,Mahasiswa yang diuji oleh Bu Kania tanggal 15 Agustus 2024,2025-05-27T20:20:34.371839,6.271,9115,995,10110,json_source,
168,K-4,schedule_rows,5,0,0,1.0,1.0,1.0,1,5,5,NIM mahasiswa yang sidang di R6010 hari Selasa,2025-05-27T20:20:51.593509,7.364,9108,1008,10116,json_source,
169,K-4,schedule_rows,4,0,0,1.0,1.0,1.0,1,4,4,"Semua mahasiswa yang sidang di R6028, tanggal 14 Agustus 2024",2025-05-27T20:21:04.835731,5.216,9117,818,9935,json_source,
170,K-5,aggregation,0,1,1,0.0,0.0,0.0,0,1,1,Berapa sidang di R6010 tanggal 15 Agustus 2024,2025-05-27T20:21:11.089990,1.638,8784,33,8817,json_source,
171,K-5,aggregation,1,0,0,1.0,1.0,1.0,1,1,1,Jumlah jadwal di R6028 tanggal 15 Agust 2024,2025-05-27T20:21:16.973701,1.291,8783,33,8816,json_source,
172,K-5,aggregation,1,0,0,1.0,1.0,1.0,1,1,1,Total seminar mulai 09.15 tanggal 19 Agustus 2024,2025-05-27T20:21:25.117907,3.474,19010,33,19043,json_source,
173,K-5,aggregation,0,1,1,0.0,0.0,0.0,0,1,1,Banyak sidang di 6034 tanggal 19 Agustus 2024,2025-05-27T20:21:32.510441,2.216,19009,33,19042,json_source,
174,K-5,aggregation,1,0,0,1.0,1.0,1.0,1,1,1,Jumlah sidang berakhir 10.30 tanggal 20 Agustus 2024,2025-05-27T20:21:38.535115,2.164,19010,33,19043,json_source,
175,K-5,aggregation,0,1,1,0.0,0.0,0.0,0,1,1,Berapa jumlah dosen yang sidang tanggal 23 Agustus 2024,2025-05-27T20:21:46.328340,2.395,19007,34,19041,json_source,
176,K-5,aggregation,1,0,0,1.0,1.0,1.0,1,1,1,Berapa banyak mahasiswa yang sidang hari Kamis,2025-05-27T20:21:54.281260,2.562,18999,34,19033,json_source,
177,K-5,aggregation,0,1,1,0.0,0.0,0.0,0,1,1,Total sidang berakhir jam 11.45  tanggal 22 Agustus 2024,2025-05-27T20:22:01.773825,2.659,19012,33,19045,json_source,
178,K-5,aggregation,0,1,1,0.0,0.0,0.0,0,1,1,Jumlah jadwal di R6028 tanggal 21 Agustus 2024,2025-05-27T20:22:09.717023,2.465,19009,33,19042,json_source,
179,K-5,aggregation,0,1,1,0.0,0.0,0.0,0,1,1,Banyak sidang Pak Hanhan hari Senin,2025-05-27T20:22:16.480965,2.812,18998,33,19031,json_source,
180,K-5,aggregation,0,1,1,0.0,0.0,0.0,0,1,1,Jumlah mahasiswa yang seminar di R6010 tanggal 20 Agustus 2024,2025-05-27T20:22:24.038154,2.451,19011,33,19044,json_source,
181,K-6,schedule_rows,1,3,0,0.25,1.0,0.4,0,1,4,"Siapa saja mahasiswa dengan sidang paling pagi pada tanggal 20 Agustus 2024? Jika ada lebih dari 1 orang, ambil yang nim nya paling kecil.",2025-05-27T20:22:39.657486,6.919,19357,815,20172,json_source,
182,K-6,schedule_rows,0,2,1,0.0,0.0,0.0,0,1,2,Siapa mahasiswa dengan sidang paling akhir pada  21 Agustus 2024,2025-05-27T20:22:50.676376,4.789,19339,414,19753,json_source,
183,K-6,schedule_rows,1,0,0,1.0,1.0,1.0,1,1,1,Mahasiswa mana yang memiliki judul skripsi terpanjang pada 21 Agustus 2024,2025-05-27T20:23:02.464732,4.414,19343,228,19571,json_source,
184,K-6,schedule_rows,1,0,0,1.0,1.0,1.0,1,1,1,"Di antara sidang tanggal 23 Agustus 2024, siapa mahasiswa dengan NIM terkecil",2025-05-27T20:23:10.828599,3.559,19343,219,19562,json_source,
185,K-6,schedule_rows,1,0,0,1.0,1.0,1.0,1,1,1,"Untuk sidang tanggal 24 Agustus 2024, judul mana yang muncul pertama secara alfabetis dan milik mahasiswa siapa",2025-05-27T20:23:22.553885,5.521,19347,227,19574,json_source,
186,K-6,schedule_rows,0,1,1,0.0,0.0,0.0,0,1,1,"Siapa saja mahasiswa dengan sidang paling akhir pada tanggal 24 Agustus 2024? Jika ada lebih dari 1 orang, ambil yang nim nya paling kecil",2025-05-27T20:23:32.253261,3.53,19356,219,19575,json_source,
187,K-6,schedule_rows,1,2,0,0.3333333333333333,1.0,0.5,0,1,3,Siapa mahasiswa dengan sidang paling awal pada hari Senin? Jika lebih dari 1 orang ambil nim yang paling besar,2025-05-27T20:23:44.415263,6.197,19344,603,19947,json_source,
188,K-6,schedule_rows,0,1,1,0.0,0.0,0.0,0,1,1,Mahasiswa mana yang memiliki judul skripsi paling singkat pada  tanggal 24 Agustus 2024,2025-05-27T20:23:53.460293,3.471,19344,219,19563,json_source,
189,K-6,schedule_rows,0,1,1,0.0,0.0,0.0,0,1,1,"Di antara sidang tanggal 26 Agustus 2024, siapa mahasiswa dengan NIM terkecil",2025-05-27T20:24:02.544934,4.362,16695,223,16918,json_source,
190,K-6,schedule_rows,0,1,1,0.0,0.0,0.0,0,1,1,"Untuk sidang tanggal 27 Agustus 2024, judul mana yang muncul pertama secara alfabetis dan milik mahasiswa siapa",2025-05-27T20:24:12.322163,4.5,16699,226,16925,json_source,
191,K-6,schedule_rows,0,1,1,0.0,0.0,0.0,0,1,1,Siapa mahasiswa dengan sidang paling terakhir pada hari Senin,2025-05-27T20:24:22.444774,4.102,16684,215,16899,json_source,
192,K-6,schedule_rows,0,1,1,0.0,0.0,0.0,0,1,1,Siapa mahasiswa dengan NIM terkecil yang sidang di ruang  6010 pada 28 Agustus 2024,2025-05-27T20:24:32.932303,4.361,16701,225,16926,json_source,
193,K-6,lecturer_list,2,15,0,0.11764705882352941,1.0,0.21052631578947367,0,2,17,Siapa saja dosen yang menguji terbanyak pada tanggal 29 Agustus 2024 jika lebih dari satu tampilkan sesuai urutan alphabet,2025-05-27T20:24:43.023549,3.74,16428,312,16740,json_source,
194,K-6,lecturer_list,15,1,8,0.9375,0.6521739130434783,0.7692307692307693,0,23,16,"Tampilkan daftar nama dosen yang menguji pada sidang hari Senin, diurutkan secara alfabet",2025-05-27T20:24:53.874136,4.373,16416,293,16709,json_source,
195,K-6,schedule_rows,1,0,0,1.0,1.0,1.0,1,1,1,"Pada sidang tanggal 30 Agustus 2024, siapakah mahasiswa yang memiliki NIM terbesar",2025-05-27T20:25:04.299990,4.295,16694,217,16911,json_source,
196,K-6,schedule_rows,3,13,1,0.1875,0.75,0.3,0,4,16,Siapa mahasiswa yang sidang di ruang Lab 6 pada hari Senin,2025-05-27T21:40:13.549612,17.164,16685,3110,19795,json_source,
197,K-6,schedule_rows,4,0,0,1.0,1.0,1.0,1,4,4,Sebutkan NIM mahasiswa yang sidang di Ruang 6028 pada tanggal 28 Agustus 2024,2025-05-27T20:25:50.349766,5.8,16700,787,17487,json_source,
198,K-6,schedule_rows,1,0,0,1.0,1.0,1.0,1,1,1,Sebutkan NIM mahasiswa terkecil yang sidang di Ruang 6010 pada tanggal 29 Agustus 2024,2025-05-27T20:25:57.621399,2.728,16703,223,16926,json_source,
199,K-6,schedule_rows,1,3,0,0.25,1.0,0.4,0,1,4,"Sebutkan NIM mahasiswa yang sidang di hari Jumat, jika lebih dari satu tampilkan NIM yang terbesar",2025-05-27T20:26:13.202954,7.156,16694,787,17481,json_source,
200,K-6,schedule_rows,1,0,0,1.0,1.0,1.0,1,1,1,Mahasiswa yang memiliki judul skripsi paling panjang pada tanggal 29 Agustus 2024,2025-05-27T20:26:23.387158,4.096,16694,230,16924,json_source,
